,support,itemsets
0,0.005876591576885406,frozenset({'FUR-BO-10001337'})
1,0.005876591576885406,frozenset({'FUR-CH-10002774'})
2,0.005876591576885406,frozenset({'OFF-AP-10004249'})
3,0.005876591576885406,frozenset({'OFF-EN-10004773'})
4,0.0068560235063663075,frozenset({'OFF-FA-10003485'})
5,0.005876591576885406,frozenset({'OFF-PA-10002764'})
